統一編號,類別,名稱
98984671,商業登記,髮絲逸造型美髮坊
98984686,商業登記,衣彩服飾店
98984692,商業登記,建圓實業社
98984709,商業登記,常春藤髮型諮詢名店
98984715,商業登記,阿妹檳榔店
98984721,商業登記,承奕洗衣店
98984736,商業登記,廣益通訊社
98984742,商業登記,賞賜祥企業社
98984757,商業登記,駿欽企業社
98984763,商業登記,欣美護膚美容材料行
98984779,商業登記,鴻揚企業社
98984784,商業登記,津樺商行
98984790,商業登記,姿丹妮美容用品店
98984807,商業登記,秀秀小吃店
98984813,商業登記,風華絕代檳榔店
98984829,商業登記,萬長企業社
98984834,商業登記,藍玫瑰飲食店
98984840,商業登記,米可精品服飾店
98984855,商業登記,尚光皮鞋城
98984861,商業登記,輕鬆點商行
98984877,商業登記,愛之味便當店
98984882,商業登記,大陞企業社
98984898,商業登記,靖陽企業社
98984905,商業登記,銘泰商店
98984911,商業登記,大享檳榔店
98984927,商業登記,梵格精品名店
98984932,商業登記,濃濃小吃店
98984948,商業登記,昕奇蛋糕屋
98984953,商業登記,禎蒂美容工作室
98984969,商業登記,齊全飲食店
98984975,商業登記,仲香書坊
98984980,商業登記,星泰企業社
98984996,商業登記,紅磚屋小吃店
98985003,商業登記,程嘉企業社
98985019,商業登記,天生贏家資訊社
98985025,商業登記,冠達企業社
98985030,商業登記,禾野小吃店
98985088,商業登記,宏帆車業行
98985094,商業登記,晟輝電梯企業社
98985123,商業登記,永銘企業社
98985144,商業登記,金瑞企業社
98985159,商業登記,大大娃娃城
98985165,商業登記,搖籃工作室
98985171,商業登記,自由電腦社
98985186,商業登記,裕恆行
98985192,商業登記,冠淇企業商行
98985209,商業登記,萬龍企業社
98985215,商業登記,民權商店
98985221,商業登記,亞泰商行
98985236,商業登記,冠品名店
98985242,商業登記,巧穎餐館
98985257,商業登記,璟科工作室
98985263,商業登記,志祥檳榔店
98985279,商業登記,夜精靈飲料店
98985284,商業登記,錢村無煙碳烤飲食店
98985290,商業登記,千惠飲食店
98985307,商業登記,龍尚企業社
98985313,商業登記,水銘媛美容護膚坊
98985329,商業登記,名家專業檳榔店
98985334,商業登記,金利食品行
98985340,商業登記,華英企業社
98985355,商業登記,軒洋男飾精品服飾店
98985361,商業登記,芊香養生館
98985377,商業登記,魯冰花拼布工坊
98985382,商業登記,麗鈴企業社
98985398,商業登記,源寶商行
98985448,商業登記,達觀養生館
98985469,商業登記,鯉魚山工作室
98985496,商業登記,軒鋒企業社
98985502,商業登記,華記商行
98985518,商業登記,東廷工程行
98985524,商業登記,宏亮服務企業社
98985539,商業登記,武城企業社
98985545,商業登記,焌貿企業社
98985550,商業登記,福允企業社
98985572,商業登記,志昌花生行
98985587,商業登記,采瑜美容坊
98985593,商業登記,和宗商行
98985616,商業登記,漢昕資訊企業社
98985643,商業登記,冠泰商行
98985735,商業登記,傻蛋的窩咖啡店
98985806,商業登記,晶晶快餐店
98985812,商業登記,佑笙服飾店
98985828,商業登記,新天新百貨商行
98985833,商業登記,古佛宗教文物用品社
98985849,商業登記,勁道企業社
98985854,商業登記,川富禮品行
98985860,商業登記,仲富商行
98985876,商業登記,萬檳檳榔店
98985881,商業登記,紅苑飲食店
98985897,商業登記,品臻企業社
98985904,商業登記,煜文企業社
98985910,商業登記,皇霖汽車商行
98986024,商業登記,名星專業檳榔店
98986039,商業登記,東京百貨生活精品店
98986045,商業登記,宏駪資訊行
98986050,商業登記,智成工程行
98986072,商業登記,中北五金行
98986087,商業登記,盛傑企業社
98986093,商業登記,賀德企業社
98986116,商業登記,亞米空間設計企業社
98986122,商業登記,萬成麻油行
98986137,商業登記,竹軒金香行
98986143,商業登記,冠勤企業社
98986158,商業登記,合峰汽車商行
98986164,商業登記,蘭巧亭理容院
98986170,商業登記,平鎮視聽歌唱城
98986185,商業登記,良輝囍緣國際企業社
98986191,商業登記,上立億投注站
98986208,商業登記,撲克麵包食品店
98986214,商業登記,育銓小吃店
98986220,商業登記,拉斐爾髮型名店
98986235,商業登記,中正商行
98986241,商業登記,上慧棋社
98986256,商業登記,旺雍企業社
98986262,商業登記,山姊理髮廳
98986278,商業登記,冠豪飲食店
98986283,商業登記,龍園理髮廳
98986299,商業登記,寶宏行
98986306,商業登記,引之企業社
98986312,商業登記,韓流電訊行
98986328,商業登記,永志洋煙洋酒行
98986333,商業登記,火鳳凰企業社
98986349,商業登記,育承商行
98986354,商業登記,台銘企業社
98986360,商業登記,名黛內衣店
98986376,商業登記,名品姿優美容坊
98986381,商業登記,莎巴依萊原藝坊
98986397,商業登記,停一下檳榔店
98986404,商業登記,宇全企業社
98986426,商業登記,香蕉園小吃店
98986468,商業登記,秀傳企業社
98986523,商業登記,偉婕精品店
98986592,商業登記,德霖企業行
98986615,商業登記,冠翔汽車輪胎行
98986621,商業登記,睿均企業社
98986636,商業登記,西西里飲食店
98986642,商業登記,莆菘企業社
98986657,商業登記,伯利恒複合式美食坊
98986663,商業登記,美好企業社
98986679,商業登記,珍美汽車商行
98986684,商業登記,康華清潔企業社
98986690,商業登記,津豪商行
98986707,商業登記,俊麗咖啡屋
98986713,商業登記,兆合水電材料行
98986729,商業登記,尚豪食品坊
98986734,商業登記,坤盛建材行
98986740,商業登記,八媽廚房小吃店
98986755,商業登記,龍興農產行
98986761,商業登記,粥師傅小吃店
98986777,商業登記,五五五商行
98986782,商業登記,湧湶飲料店
98986798,商業登記,和鈦機械實業社
98986805,商業登記,尚城企業社
98986811,商業登記,璇暉企業社
98986827,商業登記,長源水電工程行
98986832,商業登記,裕宴美食館
98986848,商業登記,祥榮全商行
98986853,商業登記,名媛美容名店
98986869,商業登記,采潔洗衣坊
98986875,商業登記,友聯廣告社
98986880,商業登記,長春小吃店
98986896,商業登記,黃騰創意繪設工作室
98986951,商業登記,加和企業社
98986988,商業登記,信和企業社
98987017,商業登記,夜光歌唱城
98987023,商業登記,龍通通訊社
98987092,商業登記,虹吉企業社
98987157,商業登記,羅馬開發實業社
98987179,商業登記,國鑫順影視社
98987207,商業登記,貝多芬飲食店
98987213,商業登記,黎柔含小吃店
98987229,商業登記,凡舖企業社
98987234,商業登記,玫瑰紅檳榔坊
98987240,商業登記,伊芙爾商坊
98987255,商業登記,上贏商行
98987261,商業登記,台祥禮品企業社
98987277,商業登記,超級屋服飾精品行
98987282,商業登記,盛達實業工程行
98987298,商業登記,戀衣坊
98987305,商業登記,高青企業社
98987311,商業登記,福記奈米企業社
98987327,商業登記,陞造企業社
98987332,商業登記,韻錡小吃店
98987348,商業登記,慧群企業社
98987353,商業登記,松安堂中藥行
98987369,商業登記,圓晨藝品企業社
98987375,商業登記,銳格企業社
98987430,商業登記,凱登機電工程行
98987488,商業登記,興雅小吃店
98987500,商業登記,頂豐企業社
98987516,商業登記,滿鴻工程行
98987522,商業登記,立聖企業社
98987537,商業登記,恆興企業社
98987543,商業登記,宣瑩食品行
98987558,商業登記,朝新扁食店
98987564,商業登記,銓霖企業社
98987570,商業登記,承欣企業社
98987585,商業登記,英采商行
98987608,商業登記,富媚美容材料店
98987614,商業登記,順明企業社
98987620,商業登記,秀榛西點麵包坊
98987635,商業登記,富祥禮品自動販賣店
98987641,商業登記,希伯崙商行
98987656,商業登記,捷利清潔社
98987662,商業登記,柏翔商店
98987678,商業登記,歌倫比亞音響社
98987699,商業登記,紐約克飲食店
98987706,商業登記,佳佳企業社
98987712,商業登記,凱順商行
98987728,商業登記,宜洲企業社
98987733,商業登記,風城檳榔店
98987749,商業登記,德記汽車商行
98987754,商業登記,奇美美容保養品行
98987760,商業登記,宏鑫機車行
98987781,商業登記,億泰企業社
98987797,商業登記,錦昇企業社
98987804,商業登記,宏力企業社
98987810,商業登記,有大企業社
98987826,商業登記,城香商行
98987831,商業登記,和毅汽車材料行
98987847,商業登記,逸如媚美容百貨行
98987852,商業登記,鴻鑫小吃店
98987868,商業登記,荷園髮舖
98987874,商業登記,摩卡斯企業社
98987889,商業登記,山億檳榔行
98987895,商業登記,尚好企業社
98987902,商業登記,滿意企業社
98987918,商業登記,明暘徵信社
98987939,商業登記,尚青蔬果行
98987966,商業登記,立成洋行
98987972,商業登記,德林香業行
98987987,商業登記,柏梁土木包工業
98987993,商業登記,弘儒企業社
98988000,商業登記,亮晶晶企業社
98988016,商業登記,墨香飲食店
98988022,商業登記,明鴻企業社
98988037,商業登記,百禾畫廊
98988043,商業登記,朵爾飲食店
98988058,商業登記,齊元快速沖印店
98988064,商業登記,仙仙檳榔店
98988070,商業登記,廣泰小吃店
98988091,商業登記,石門山清水岩酒莊
98988108,商業登記,嘉文美髮設計坊
98988114,商業登記,塵緣企業社
98988120,商業登記,四水小吃店
98988135,商業登記,源清便當店
98988141,商業登記,美之選髮藝店
98988156,商業登記,清雲小吃店
98988162,商業登記,亦成不動產企業社
98988178,商業登記,駿亞汽車商行
98988183,商業登記,長祥企業社
98988199,商業登記,中日企業社
98988206,商業登記,金珠豆干行
98988212,商業登記,盛緯企業社
98988228,商業登記,俊宇飲食店
98988233,商業登記,星香飲食店
98988249,商業登記,龍東西點麵包店
98988304,商業登記,馥麗飲食店
98988310,商業登記,康泉生活藥局
98988326,商業登記,喬伊絲服飾店
98988331,商業登記,寶豐企業社
98988347,商業登記,健全開發企業社
98988352,商業登記,佳儷髮廊
98988368,商業登記,詠銓企業社
98988374,商業登記,一六八興業社
98988389,商業登記,邦德企業社
98988395,商業登記,原生藝術文化工作室
98988402,商業登記,友福飲食店
98988418,商業登記,暐晴餐飲店
98988424,商業登記,明全花坊
98988439,商業登記,國華商行
98988445,商業登記,振興電腦資訊企業社
98988450,商業登記,葛將軍企業社
98988466,商業登記,簡大師小吃店
98988472,商業登記,晶茶壺茶坊
98988487,商業登記,姿雲美容精品店
98988493,商業登記,水森林商行
98988515,商業登記,桃松蔬菜行
98988521,商業登記,詠信工程行
98988557,商業登記,富薇花苑
98988563,商業登記,林德流行傢俱館
98988607,商業登記,兆雲企業社
98988613,商業登記,良德針織企業社
98988629,商業登記,草湖企業社
98988634,商業登記,象吃小吃店
98988640,商業登記,鳳鳴企業社
98988655,商業登記,民豐企業行
98988661,商業登記,正雄土木包工業
98988677,商業登記,祐祐美容彩粧精品工作坊
98988682,商業登記,聖心中藥行
98988698,商業登記,醉八分飲食店
98988705,商業登記,橄欖義大利麵館
98988711,商業登記,正大工程行
98988727,商業登記,宏宇電腦企業社
98988769,商業登記,龍億工程行
98988796,商業登記,懷舊坊
98988803,商業登記,永味饌便當店
98988819,商業登記,豐和鋼鐵企業社
98988846,商業登記,鄉味碳烤燒肉飯店
98988867,商業登記,巨興蓉企業社
98988888,商業登記,英棋百貨商行
98988894,商業登記,錦合建築工程行
98988917,商業登記,采蘭小吃店
98988923,商業登記,尚禾青草行
98988938,商業登記,金枝玉葉珠寶金行
98988944,商業登記,展順企業社
98988959,商業登記,溪知美藝文館
98988965,商業登記,頂峰企業社
98988971,商業登記,統領青果行
98988986,商業登記,大地地理旅遊雜誌社
98988992,商業登記,富仁青果行
98989009,商業登記,中六街企業社
98989015,商業登記,大石班小吃店
98989021,商業登記,正吉輪業行
98989036,商業登記,優環企業社
98989042,商業登記,鼎昇企業社
98989057,商業登記,奧斯卡商行
98989063,商業登記,追富公益彩券行
98989079,商業登記,一食代自助餐店
98989084,商業登記,淑美商行
98989090,商業登記,拉摩沙龍美容院
98989107,商業登記,易陽企業社
98989113,商業登記,帆筌商行
98989177,商業登記,藍色街角咖啡館
98989182,商業登記,芳馨寢具家飾店
98989198,商業登記,允泰儀器行
98989205,商業登記,富鈞汽車商行
98989211,商業登記,德川企業社
98989227,商業登記,雅樂飲料店
98989248,商業登記,弘陞企業社
98989253,商業登記,企鵝美容美髮名坊
98989269,商業登記,美姿企業社
98989275,商業登記,宏運美容名坊
98989280,商業登記,實聯出版社
98989296,商業登記,采褋生活小舖
98989303,商業登記,永輝工程行
98989319,商業登記,威翔企業社
98989325,商業登記,震穎企業社
98989330,商業登記,瑋庭美容工作室
98989346,商業登記,安得魯專業髮型工作室
98989388,商業登記,輝鴻機車行
98989459,商業登記,小雨咖啡茶室
98989465,商業登記,泓威企業社
98989514,商業登記,上御軒商行
98989520,商業登記,冰冰冰果店
98989535,商業登記,斯夢樂檳榔店
98989541,商業登記,達昇工程行
98989556,商業登記,欣亞食品行
98989562,商業登記,勝樺商店
98989578,商業登記,峒諺實業社
98989583,商業登記,時尚男士沙龍髮型設計室
98989599,商業登記,大媽廚房小吃店
98989628,商業登記,貿群企業社
98989654,商業登記,美麗紅理髮廳
98989660,商業登記,模特兒檳榔店
98989676,商業登記,頂翔企業社
98989697,商業登記,三合旺企業社
98989704,商業登記,欣鋒興業社
98989710,商業登記,博通廣告工程行
98989726,商業登記,禾風企業社
98989731,商業登記,萬大工程行
98989747,商業登記,銀穗企業社
98989752,商業登記,晉維工程行
98989768,商業登記,昌興企業社
98989795,商業登記,米粒小吃店
98989824,商業登記,明芳企業社
98989887,商業登記,台元土木包工業
98989893,商業登記,未來原素美髮名店
98989900,商業登記,水之漾美容坊
98989922,商業登記,耀順企業社
98989937,商業登記,富立五金行
98989943,商業登記,上揚商業社
98989958,商業登記,仟月飲食店
98989964,商業登記,小惠檳榔店
98989970,商業登記,品味佳肉鬆店
98989985,商業登記,芝加哥檳榔店
98989991,商業登記,耀達企業社
98990006,商業登記,銘記茶行
98990012,商業登記,秝禾商行
98990028,商業登記,仲盟企業社
98990033,商業登記,麒盛機車行
98990049,商業登記,和億行
98990054,商業登記,友順建材行
98990060,商業登記,艾彤小鋪
98990076,商業登記,春風車業行
98990081,商業登記,金昌企業社
98990097,商業登記,醉仙樓餐廳
98990104,商業登記,碧岑餐飲
98990110,商業登記,馬祖小館
98990126,商業登記,正安工程行
98990131,商業登記,兩岸漁農食品企業社
98990152,商業登記,水色花園簡餐
98990168,商業登記,燕兒的店舖
98990195,商業登記,珠螺灣觀光企業社
98990218,商業登記,八閩餐飲
98990250,商業登記,浩育企業社
98990266,商業登記,兵兵有禮百貨行
98990287,商業登記,神鍋日式涮涮鍋
98990300,商業登記,旗艦休閒網路網咖
98990316,商業登記,輝翔企業社
98990322,商業登記,進步工程行
98990337,商業登記,地下錢莊紙箔店
98990343,商業登記,劉記食坊
98990358,商業登記,麗堤飯店
98990370,商業登記,吉利小吃店
98990408,商業登記,兄妹小客車租賃行
98990435,商業登記,海峽特產企業社
98990478,商業登記,皇亞餐廳
98990505,商業登記,華樵工程行
98990511,商業登記,思鄉網路館
98990527,商業登記,假期飯店
98990532,商業登記,郁軒蛋糕麵包專賣店
98990548,商業登記,東興商行
98990569,商業登記,達客利炸雞店
98990580,商業登記,承洲企業社
98990625,商業登記,君君百貨
98990630,商業登記,松川工程行
98990646,商業登記,夫人咖啡館
98990651,商業登記,澧洋農漁業企業社
98990694,商業登記,福山藝品咖啡館
98990701,商業登記,豪俐沙威瑪餐飲店
98990717,商業登記,古街咖啡花藝工坊
98990738,商業登記,光平禮儀社
98990765,商業登記,勝鑫工程行
98990771,商業登記,萬丹薑母鴉
98990792,商業登記,清水灣租賃業
98990809,商業登記,正益企業社
98990815,商業登記,東旭企業行
98990821,商業登記,明淨清潔行
98990836,商業登記,亞維電通實業社
98990842,商業登記,亞達企業社
98990857,商業登記,魔豆網際網路
98990863,商業登記,錦和貿易行
98990879,商業登記,伏羲工作坊
98990884,商業登記,興隆重機械企業社
98990907,商業登記,黑美人檳榔攤
98990913,商業登記,真善美特產店
98990929,商業登記,東裕超市
98990934,商業登記,夢怡茶坊
98990940,商業登記,東引裝卸行
98990955,商業登記,彩虹雜貨店
98990961,商業登記,李家堡土木包工業
98990977,商業登記,力行冷凍食品行
98990982,商業登記,大通商行
98990998,商業登記,聯發汽車服務廠
98991005,商業登記,和泰清潔行
98991011,商業登記,東引裝卸行
98991027,商業登記,西雅圖撞球場
98991032,商業登記,平益購物企業社
98991048,商業登記,劉記食坊
98991053,商業登記,芹壁地中海民宿
98991069,商業登記,大順裝卸行
98991075,商業登記,永豐企業社
98991080,商業登記,龍福山莊
98991096,商業登記,國際資訊休閒中心
98991119,商業登記,建豐裝璜工程行
98991125,商業登記,麗堤民宿漆彈場
98991130,商業登記,永豐企業社
98991146,商業登記,林家企業社
98991151,商業登記,聯信企業社
98991167,商業登記,鳳成藝品開發社
98991173,商業登記,潔林特產中心
98991188,商業登記,東建汽機車維修行
98991217,商業登記,銘記心禮文具禮品店
98991223,商業登記,豪宸企業社
98991238,商業登記,韓上樓清潔行
98991244,商業登記,理想家企業社
98991259,商業登記,天在影視音響企業社
98991265,商業登記,建興豆腐店
98991271,商業登記,滿天星飲食店
98991286,商業登記,昕昕企業社
98991292,商業登記,名匠清潔行
98991309,商業登記,豪禮禮品特產店
98991315,商業登記,捌拾貳簡餐坊
98991321,商業登記,耕耘進出口貿易行
98991336,商業登記,麗堤青菜行
98991342,商業登記,津鑽商行
98991357,商業登記,好樂迪茶坊
98991363,商業登記,文斌機車行
98991379,商業登記,富康冷凍食品行
98991384,商業登記,元通電腦資訊行
98991390,商業登記,馬祖資訊網
98991407,商業登記,真善美馬祖名酒特產店
98991413,商業登記,星橋機車維修行
98991429,商業登記,清水大眾商行
98991440,商業登記,星橋網際網路休閒中心
98991455,商業登記,東方明珠飯店
98991461,商業登記,塑成企業社
98991477,商業登記,西雅圖資訊休閒館
98991498,商業登記,山東小館
98991504,商業登記,信億土木包工業
98991510,商業登記,麗景行
98991526,商業登記,龍頡商行
98991531,商業登記,聖豪食品
98991547,商業登記,祥勇投注站
98991552,商業登記,淑菁雜貨店
98991568,商業登記,環球生活網咖
98991589,商業登記,鼎鑫機車行北竿店
98991595,商業登記,德記企業行
98991602,商業登記,美佳休閒中心
98991618,商業登記,E網資訊廣場
98991624,商業登記,天下網咖
98991639,商業登記,奇耘企業行
98991645,商業登記,哿可美食家網咖
98991650,商業登記,大玉門企業社
98991666,商業登記,富賓休閒廣場
98991672,商業登記,佳味小吃店
98991687,商業登記,軍友商店
98991693,商業登記,名留髮藝
98991700,商業登記,津源商行
98991716,商業登記,海明山網際網路
98991737,商業登記,阿其的店
98991743,商業登記,閩隆水產開發企業行
98991779,商業登記,元立工作室
98991791,商業登記,寧記麻辣火鍋
98991808,商業登記,老爺大飯店
98991820,商業登記,宇晉工程行
98991856,商業登記,優毅汽車修護廠
98991862,商業登記,伏羲工作坊
98991878,商業登記,好望角簡餐坊
98991883,商業登記,建豐企業社
98991899,商業登記,北竿實業社
98991906,商業登記,依嬤老店
98991912,商業登記,鐵板小館
98991976,商業登記,捌玖台澎金馬土特產批發中心
98991997,商業登記,金沙企業社
98992004,商業登記,聯華土木包工業
98992010,商業登記,宏發汽車行
98992031,商業登記,福元清潔行
98992047,商業登記,輝騰貨運行
98992052,商業登記,佳昇進出口貿易行
98992068,商業登記,芹壁地中海
98992074,商業登記,中隴商行
98992089,商業登記,龍井商行
98992118,商業登記,新百麗裝潢工程行
98992124,商業登記,秘密基地資訊休閒館
98992139,商業登記,正大汽車材料行
98992145,商業登記,遊戲帝國休閒廣場
98992150,商業登記,鋒源產業服務行
98992166,商業登記,永得昌食品批發行
98992172,商業登記,好友水產批發行
98992187,商業登記,馬祖傳統風味食品行
98992193,商業登記,順興企業社
98992200,商業登記,良鉅機械工程行
98992222,商業登記,大雄壹號娛樂船
98992237,商業登記,來佑商行
98992243,商業登記,玉達企業社
98992258,商業登記,天堂鳥咖啡簡餐坊
98992264,商業登記,軻棧企業社
98992270,商業登記,泰興工程行
98992285,商業登記,水瓶子無限空間創意工作室
98992291,商業登記,津盈商行
98992308,商業登記,珍不賴簡餐
98992314,商業登記,展興工程行
98992383,商業登記,田園山莊民宿
98992399,商業登記,大娘海鮮蔬果量販店
98992406,商業登記,夢圓工坊
98992412,商業登記,協和行
98992428,商業登記,彩虹電子遊戲場
98995092,商業登記,速捷汽車美容
98995109,商業登記,欣儀女子美髮院
98995115,商業登記,海派美容用品店
98995121,商業登記,大芳農產行
98995136,商業登記,正安諦工程企業行
98995142,商業登記,煜誠企業社
98995157,商業登記,水顏坊美容精品
98995163,商業登記,咖啡王國明新店
98995179,商業登記,憶盈精品坊
98995184,商業登記,義興食品行
98995190,商業登記,神達通水電工程行
98995207,商業登記,曼伶租書坊
98995213,商業登記,大鑫不動產
98995229,商業登記,承泰企業社
98995234,商業登記,富士健康塑身養生活力館
98995240,商業登記,康展企業社
98995255,商業登記,昇展企業社
98995277,商業登記,和風健康舒眠館
98995282,商業登記,金誠汽車廣場
98995298,商業登記,勤業行
98995305,商業登記,天詮企業社
98995311,商業登記,金三鴨肉飲食店
98995327,商業登記,蝦客行
98995332,商業登記,雅玉軒玉石坊
98995353,商業登記,茂琨土木包工業
98995369,商業登記,申辰鍋藝店
98995380,商業登記,動力專業汽車美容
98995396,商業登記,新華茶園
98995403,商業登記,以利亞媒體工作室
98995419,商業登記,駿通汽車商行
98995425,商業登記,紫羅蘭咖啡
98995430,商業登記,露奇亞餐飲
98995446,商業登記,瑞陞商店
98995451,商業登記,安娜芬
98995467,商業登記,姊妹服飾
98995473,商業登記,大聯盟
98995488,商業登記,大信企業社
98995494,商業登記,正康企業行
98995500,商業登記,亞力士超商
98995516,商業登記,統盈百貨商行
98995522,商業登記,舒美實業社
98995537,商業登記,酒窟企業社
98995543,商業登記,四季商行
98995558,商業登記,聖佳企業社
98995564,商業登記,鴨肉謝小吃館
98995570,商業登記,鴻源蔬菓行
98995585,商業登記,天民看護企業社
98995591,商業登記,浪晴理髮廳
98995608,商業登記,欣發商行
98995614,商業登記,銀鹽攝影社
98995620,商業登記,釆薇書坊
98995635,商業登記,昱錩企業社
98995641,商業登記,舒爽飲食
98995656,商業登記,怡欣企業社
98995662,商業登記,鈺泰企業行
98995678,商業登記,宏傑企業社
98995683,商業登記,荷田田蓮子舖
98995699,商業登記,莉芸美容材料行
98995706,商業登記,峰巒商行
98995712,商業登記,六福土木包工業
98995728,商業登記,亞福國際企業社
98995733,商業登記,綴美服裝店
98995749,商業登記,豐臨客家小食館
98995754,商業登記,佳峯工程行
98995760,商業登記,雲姐妹商店
98995781,商業登記,原住民國光企業社
98995797,商業登記,展友網路電腦
98995810,商業登記,鳳鳴企業社
98995826,商業登記,宇老商店
98995831,商業登記,新榮木材行
98995852,商業登記,昱達園藝企業社
98995868,商業登記,萬達輪胎行
98995874,商業登記,利飛企業社
98996249,商業登記,信昌企業社
98996254,商業登記,星辰小吃店
98996590,商業登記,旗霖商行
98996607,商業登記,康廚快餐飲食店
98996613,商業登記,金鑑機車行
98996629,商業登記,合兆商行
98996634,商業登記,安立環保企業社
98996640,商業登記,寶新速食店
98996655,商業登記,大昌工程行
98996661,商業登記,鼎盛水電工程行
98996682,商業登記,安順汽車材料行
98996698,商業登記,兆原企業社
98996705,商業登記,宏偉工程行
98996711,商業登記,群方飲食店
98996727,商業登記,三釆家具企業社
98996732,商業登記,香樟園
98996748,商業登記,達雁土木包工業
98996753,商業登記,樂之神茶坊
98996769,商業登記,魔力星球資訊社
98996775,商業登記,中央國際理財企業社
98996780,商業登記,東樺玻璃行
98996796,商業登記,長承工程行
98996803,商業登記,紅鼎燒烤店
98996819,商業登記,司那斯企業社
98996825,商業登記,鼎新宜園
98996830,商業登記,生化環保工程行
98996846,商業登記,丘比特商行
98996851,商業登記,木珍出版社
98996867,商業登記,傳琦寵物工作坊
98996873,商業登記,祥富商店
98996888,商業登記,永運企業社
98996894,商業登記,品冠商行
98996901,商業登記,薇芳行
98996917,商業登記,亞泰商行
98996923,商業登記,婷婷商行
98996938,商業登記,親密愛人情趣量販店
98996944,商業登記,良辰休閒商店
98996965,商業登記,玖豐中藥房
98996971,商業登記,能量小站冷熱飲食專賣店
98996992,商業登記,承恩咖啡館
98997009,商業登記,香串串烤肉用品專賣店
98997021,商業登記,優仕科技企業社
98997036,商業登記,富有行
98997042,商業登記,明堃行
98997057,商業登記,恆洲商行
98997063,商業登記,泰翌企業社
98997079,商業登記,彩薇服飾
98997084,商業登記,東太輪胎行
98997090,商業登記,晉昇企業社
98997107,商業登記,欣欣葬儀社
98997113,商業登記,金有糧食行
98997129,商業登記,裕發自助洗衣行
98997134,商業登記,歐美裝璜五金建材行
98997140,商業登記,王記燒臘園
98997155,商業登記,鼎盛商行
98997161,商業登記,吉祥天女藝品專賣行
98997177,商業登記,山水畫廊
98997182,商業登記,榳好企業社
98997198,商業登記,金旺來企業社
98997205,商業登記,優質奈米品味生活館
98997211,商業登記,渼輯工作室
98997227,商業登記,宏承油漆行
98997232,商業登記,朝陽有氧體適能生活館
98997248,商業登記,雅典集生活良品百貨行
98997253,商業登記,鴻品藝品社
98997269,商業登記,冠美水族中心
98997275,商業登記,三盛企業社
98997280,商業登記,達雁企業社
98997296,商業登記,東凱企業社
98997303,商業登記,原住民鋒俊企業社
98997319,商業登記,牛筋飲食店
98997325,商業登記,非凡企業社
98997330,商業登記,向鴻企業社
98997346,商業登記,瑞升工程行
98997351,商業登記,億鼎商行
98997367,商業登記,國隆客家小吃
98997373,商業登記,佰菇餐坊
98997388,商業登記,橘子園
98997394,商業登記,豐毅工業社
98997401,商業登記,慶鎂廣告企業社
98997423,商業登記,中影影視商行
98997438,商業登記,水母娘工作室
98997444,商業登記,幸心企業社
98997459,商業登記,星星禮儀社
98997465,商業登記,美雄行
98997471,商業登記,金松工程行
98997486,商業登記,弘之家手工牛肉麵館
98997492,商業登記,益雄水果行
98997508,商業登記,律政國際聯合顧問社
98997514,商業登記,和平土木包工業
98997520,商業登記,名冠書局
98997535,商業登記,裕順工程行
98997541,商業登記,福臻商店
98997556,商業登記,薰衣草商行
98997562,商業登記,春富竹藝品行
98997578,商業登記,勝航企業行
98997583,商業登記,偉壯大理石企業社
98997599,商業登記,耀揚企業行
98997606,商業登記,秘密花園旅館
98997612,商業登記,謄達汽車商行
98997628,商業登記,現代企業社
98997633,商業登記,衣族行
98997649,商業登記,建榮企業社
98997654,商業登記,野地精品服飾
98997660,商業登記,帷詮企業社
98997676,商業登記,雅軒餐飲
98997681,商業登記,雨童商行
98997697,商業登記,新橋燒肉屋
98997704,商業登記,大阪城日式燒肉火鍋店
98997710,商業登記,正鴻通風系統工程
98997726,商業登記,慶發事務機器商行
98997731,商業登記,浩崴國際企業社
98997747,商業登記,天蜜水果世界
98997752,商業登記,世宏工程行
98997795,商業登記,蝴蝶先生企業社
98997802,商業登記,朱立企業社
98997818,商業登記,虹燕小吃餐飲
98997824,商業登記,億群水電行
98997839,商業登記,鴻泰工程企業行
98997845,商業登記,尚瑩企業社
98997872,商業登記,竹家家管企業社
98997887,商業登記,福霖工程行
98997893,商業登記,肯尼傢俱店
98997937,商業登記,金榜工程行
98997943,商業登記,元氣眼鏡行
98997964,商業登記,化踊舞輯
98997970,商業登記,峻維通訊企業社
98997985,商業登記,聲樂音響實業社
98997991,商業登記,真饌燒烤屋
98998008,商業登記,騰昇家電企業社
98998014,商業登記,風野人文咖啡茶集
98998020,商業登記,崴昌工業社
98998035,商業登記,壹十壹汽車廣場
98998041,商業登記,尚隆古早食品專賣店
98998056,商業登記,東穗行
98998062,商業登記,風雲藥局
98998078,商業登記,馥盛企業社
98998083,商業登記,沂信科技五金材料行
98998112,商業登記,莎曼莎內衣專門店
98998197,商業登記,黑豹工程行
98998204,商業登記,大信五金百貨行
98998295,商業登記,永弘裝璜企業社
98998318,商業登記,展晟企業社
98998598,商業登記,群立內裝工程行
98998605,商業登記,承育清潔社
98998611,商業登記,德欣企業社
98998627,商業登記,來而富商行
98998632,商業登記,帕多瓦咖啡屋
98998648,商業登記,凱洛琳專業美品世界
98998653,商業登記,友樂小吃店
98998669,商業登記,食奉飲食店
98998675,商業登記,書蟲館
98998680,商業登記,旺成商號
98998696,商業登記,君蒲商行
98998703,商業登記,齊家圓七六九商行
98998719,商業登記,名家食品坊
98998725,商業登記,上雅鐵板燒餐廳
98998730,商業登記,楊淑怡足畫工作室
98998746,商業登記,風華傢俱
98998751,商業登記,安勝機車行
98998767,商業登記,立揚企業社
98998773,商業登記,摩根企業社
98998788,商業登記,神龍企業社
98998794,商業登記,偉文企業社
98998801,商業登記,點石走廊水晶精品店
98998817,商業登記,吉昌商行
98998823,商業登記,興龍工程行
98998838,商業登記,毓香珍餐飲店
98998859,商業登記,凱聖汽車材料行
98998865,商業登記,嘉旺企業社
98998871,商業登記,永洤行
98998886,商業登記,新海餐飲店
98998892,商業登記,巨龍科技企業社
98998909,商業登記,信翔企業社
98998915,商業登記,台灣原聲報社
98998921,商業登記,振陽機車行
98998936,商業登記,育新電機企業社
98998942,商業登記,歇心茶樓
98998957,商業登記,萬花嶺花坊
98998963,商業登記,竹揚汽車中古商行
98998979,商業登記,宏績水電工程行
98998984,商業登記,寶興企業社
98999007,商業登記,通豪企業社
98999013,商業登記,昱豐工程行
98999029,商業登記,玫瑰房美容材料行
98999034,商業登記,杞林通信工程行
98999040,商業登記,溝貝小吃店
98999055,商業登記,草本生活館
98999061,商業登記,邁爾企業社
98999077,商業登記,元培青草行
98999082,商業登記,維納斯服飾行
98999323,商業登記,浩晟企業社
98999344,商業登記,仁和企業社
98999359,商業登記,國吟飲食店
98999365,商業登記,勤政不動產
98999371,商業登記,宜瑞企業社
98999386,商業登記,渤海禮儀企業社
98999392,商業登記,松崎事務機器商行
98999409,商業登記,弘鑫禮儀社
98999415,商業登記,一七環保工程行
98999421,商業登記,鑫沛企業社
98999436,商業登記,協興行
98999442,商業登記,川壽司
98999457,商業登記,醍居主廚之家
98999463,商業登記,志隴企業社
98999479,商業登記,愛得國際商社
98999484,商業登記,一祥翻譯社
98999490,商業登記,暐達油漆工程行
98999506,商業登記,富銓工程行
98999512,商業登記,香君服飾
98999528,商業登記,宏啟企業社
98999533,商業登記,明光大藥局
98999549,商業登記,大方鋁門窗行
98999554,商業登記,永昇實業社
98999560,商業登記,鴻誠商店
98999576,商業登記,宏昌企業社
98999581,商業登記,羽雄水電行
98999668,商業登記,定豐電器行
98999766,商業登記,成清行
98999772,商業登記,福興樓梯扶手
98999843,商業登記,竹仁商行
98999858,商業登記,康淳企業社
98999864,商業登記,玫瑰籐
98999870,商業登記,巨新工程行
98999885,商業登記,麗顏坊生活館
98999891,商業登記,昌鎮塑膠企業社
98999914,商業登記,永勝企業社
98999920,商業登記,娃娃屋
98999935,商業登記,淇淩工程行
98999941,商業登記,藍天企業社
98999956,商業登記,瑞成裝潢工程行
98999962,商業登記,黃金海岸活蝦之家餐廳
98999978,商業登記,日昇汽車電機行
98999983,商業登記,町彩粧精品
98999999,商業登記,集德企業社
99000018,商業登記,佳孋綉美妍館
99000024,商業登記,大四喜麵食館
99000039,商業登記,采慧商號
99000045,商業登記,下龍灣雅緻餐廳
99000050,商業登記,尚佶工程行
99000066,商業登記,北口陳商行
99000072,商業登記,喜寶寵物坊
99000087,商業登記,文化亭小吃店
99000093,商業登記,柏登企業社
99000100,商業登記,久阡美美容用品店
99000116,商業登記,城市綠洲商行
99000122,商業登記,山田花源屋
99000137,商業登記,五秀飲食店
99000143,商業登記,吉昌空調工程行
99000158,商業登記,康舒企業社
99000164,商業登記,君旺寵物家
99000170,商業登記,廣善禮儀社
99000185,商業登記,明吉維娜泰雅工作室
99000191,商業登記,悅洋水族生態設計
99000208,商業登記,東寧禮品店
99000214,商業登記,沛鑫企業社
99000220,商業登記,妙善坊
99000235,商業登記,建禾行銷企業社
99000241,商業登記,水明漾瘦身養生館
99000256,商業登記,經典影像攝影社
99000278,商業登記,藝術的家
99000283,商業登記,榮益土木包工業
99000299,商業登記,華隆電腦企業社
99000306,商業登記,元慶商行
99000312,商業登記,菲律賓飲食店
99000328,商業登記,康利企業社
99000333,商業登記,三德禮品社
99000349,商業登記,成大工程行
99000354,商業登記,天地光商行
99000360,商業登記,麗淳美容美體生活館
99000376,商業登記,森達皮鞋城
99000381,商業登記,丰采創意髮型
99000397,商業登記,甲吉土木包工業
99000404,商業登記,璟泰土木包工業
99000410,商業登記,奇漾地餐飲店
99000426,商業登記,新秀企業社
99000431,商業登記,正昕企業社
99000447,商業登記,熊寶寶商行
99000452,商業登記,大宅門餐廳
99000468,商業登記,東新布行
99000474,商業登記,永潔企業社
99000489,商業登記,藝之趣客家懐石
99000495,商業登記,盛維青果行
99000501,商業登記,私髮院
99000517,商業登記,晶菲平價造型髮藝
99000523,商業登記,茗揚服飾
99000544,商業登記,日友環保衛生工程行
99000559,商業登記,米雅商行
99000565,商業登記,龍彩企業社
99000586,商業登記,金美蛋行
99000592,商業登記,合進園藝行
99000609,商業登記,龍展企業社
99000615,商業登記,巧巧孩幼教用品社
99000621,商業登記,奕祥工程行
99000636,商業登記,元嘉企業社
99000642,商業登記,竹億企業社
99000657,商業登記,亞洲禮品社
99000663,商業登記,金來蔘藥行
99000679,商業登記,力量菜園
99000684,商業登記,福暄企業社
99000690,商業登記,瑞鴻企業社
99000707,商業登記,竹氤舫美妍舒活館
99000713,商業登記,大禾室內設計企業社
99000729,商業登記,熱力生活流行館
99000734,商業登記,歐歐小坊
99000755,商業登記,龍暹企業社
99000777,商業登記,盛鴻商號
99000782,商業登記,貝莉詩美容材料行
99000798,商業登記,阿娜答飲食店
99000805,商業登記,尚介青飲食店
99000811,商業登記,仲冠企業社
99000827,商業登記,天藝造園社
99000832,商業登記,青春商行
99000848,商業登記,弘偉果菜行
99000869,商業登記,映泰廣告企業社
99000951,商業登記,麗麗廣告印刷社
99001017,商業登記,聯興工程行
99001023,商業登記,恆億工程行
99001038,商業登記,立源水電工程行
99001044,商業登記,詠銘企業社
99001065,商業登記,日華實業
99001109,商業登記,睿祥桌球體育用品社
99001229,商業登記,長弘商行
99001261,商業登記,陸順企業社
99001298,商業登記,弘欣企業社
99001403,商業登記,盈萱美容材料行
99001446,商業登記,弘利企業社
99001564,商業登記,佳甡企業社
99001591,商業登記,絜園企業社
99001608,商業登記,新崙商行
99001614,商業登記,順意企業社
99001620,商業登記,昇峰機車行
99001635,商業登記,天祥水晶藝品
99001641,商業登記,明辰商行
99001656,商業登記,祥和企業社
99001662,商業登記,品香企業社
99001678,商業登記,衣品屋
99001683,商業登記,雙福油漆工程行
99001699,商業登記,仕邦工具行
99001706,商業登記,迦南企業社
99001712,商業登記,振宏工程行
99001728,商業登記,山田企業社
99001733,商業登記,千慶汽車電機行
99001749,商業登記,喵咪手染棉布店
99001760,商業登記,陳莉雅護膚坊
99001797,商業登記,佳茵企業社
99001804,商業登記,德源機車行
99001810,商業登記,蕙昌餐飲
99001826,商業登記,松霖東京火鍋
99001852,商業登記,梅嘎浪商店
99001868,商業登記,台灣茶舖
99001874,商業登記,沅鎮精密企業社
99001889,商業登記,歐品家具店
99001895,商業登記,粲鴻藝品企業社
99001902,商業登記,天師堂中藥行
99001918,商業登記,泰振企業社
99001924,商業登記,富虹企業社
99001939,商業登記,三郎小吃
99001945,商業登記,現代傢俱行
99001950,商業登記,鴻光工程行
99001966,商業登記,不老居商行
99001972,商業登記,卡潔精品販賣店
99001987,商業登記,百合內睡衣專賣店
99001993,商業登記,佳泓企業社
99002000,商業登記,榮祥企業社
99002016,商業登記,宏昇電腦資訊社
99002022,商業登記,符緹音樂藝術社